{
    "name": "root",
    "gauges": {
        "FlappyBird.Policy.Entropy.mean": {
            "value": 5.559209603234194e-05,
            "min": 5.944646659372665e-07,
            "max": 0.5380797386169434,
            "count": 220
        },
        "FlappyBird.Policy.Entropy.sum": {
            "value": 0.27840521931648254,
            "min": 0.0029675676487386227,
            "max": 2763.57763671875,
            "count": 220
        },
        "FlappyBird.Environment.EpisodeLength.mean": {
            "value": 8.787109375,
            "min": 6.392909896602659,
            "max": 14.08433734939759,
            "count": 220
        },
        "FlappyBird.Environment.EpisodeLength.sum": {
            "value": 4499.0,
            "min": 4314.0,
            "max": 4676.0,
            "count": 220
        },
        "FlappyBird.Step.mean": {
            "value": 1099998.0,
            "min": 4992.0,
            "max": 1099998.0,
            "count": 220
        },
        "FlappyBird.Step.sum": {
            "value": 1099998.0,
            "min": 4992.0,
            "max": 1099998.0,
            "count": 220
        },
        "FlappyBird.Policy.ExtrinsicValueEstimate.mean": {
            "value": -2.160172462463379,
            "min": -2.9949920177459717,
            "max": 4.536099910736084,
            "count": 220
        },
        "FlappyBird.Policy.ExtrinsicValueEstimate.sum": {
            "value": -1106.00830078125,
            "min": -1361.2808837890625,
            "max": 1501.4490966796875,
            "count": 220
        },
        "FlappyBird.Policy.CuriosityValueEstimate.mean": {
            "value": 0.15556268393993378,
            "min": -22.792217254638672,
            "max": 0.9159240126609802,
            "count": 220
        },
        "FlappyBird.Policy.CuriosityValueEstimate.sum": {
            "value": 79.6480941772461,
            "min": -7544.2236328125,
            "max": 594.4346923828125,
            "count": 220
        },
        "FlappyBird.Environment.CumulativeReward.mean": {
            "value": -3.4307326315902174,
            "min": -4.906707274589654,
            "max": -2.748890533602449,
            "count": 220
        },
        "FlappyBird.Environment.CumulativeReward.sum": {
            "value": -1756.5351073741913,
            "min": -1861.2000005245209,
            "max": -1624.1201078891754,
            "count": 220
        },
        "FlappyBird.Policy.ExtrinsicReward.mean": {
            "value": -3.4307326315902174,
            "min": -4.906707274589654,
            "max": -2.748890533602449,
            "count": 220
        },
        "FlappyBird.Policy.ExtrinsicReward.sum": {
            "value": -1756.5351073741913,
            "min": -1861.2000005245209,
            "max": -1624.1201078891754,
            "count": 220
        },
        "FlappyBird.Policy.CuriosityReward.mean": {
            "value": 0.0001891478997642082,
            "min": 7.939483368855774e-05,
            "max": 4.32295108903931,
            "count": 220
        },
        "FlappyBird.Policy.CuriosityReward.sum": {
            "value": 0.0968437246792746,
            "min": 0.03922104784214753,
            "max": 1430.8968104720116,
            "count": 220
        },
        "FlappyBird.Losses.PolicyLoss.mean": {
            "value": 0.0955850386494098,
            "min": 0.08371985194389708,
            "max": 0.12553021529068548,
            "count": 220
        },
        "FlappyBird.Losses.PolicyLoss.sum": {
            "value": 0.2867551159482294,
            "min": 0.16743970388779417,
            "max": 0.35599658836144954,
            "count": 220
        },
        "FlappyBird.Losses.ValueLoss.mean": {
            "value": 0.06886740198953906,
            "min": 0.00033280865545748384,
            "max": 4.339131502434611,
            "count": 220
        },
        "FlappyBird.Losses.ValueLoss.sum": {
            "value": 0.20660220596861717,
            "min": 0.0006656173109149677,
            "max": 8.678263004869223,
            "count": 220
        },
        "FlappyBird.Policy.LearningRate.mean": {
            "value": 0.00023414588195137996,
            "min": 0.00023414588195137996,
            "max": 0.00029981478006174,
            "count": 220
        },
        "FlappyBird.Policy.LearningRate.sum": {
            "value": 0.0007024376458541399,
            "min": 0.00046890862369714,
            "max": 0.0008977704007431999,
            "count": 220
        },
        "FlappyBird.Policy.Epsilon.mean": {
            "value": 0.17804862,
            "min": 0.17804862,
            "max": 0.19993826000000003,
            "count": 220
        },
        "FlappyBird.Policy.Epsilon.sum": {
            "value": 0.53414586,
            "min": 0.35630286,
            "max": 0.5992568,
            "count": 220
        },
        "FlappyBird.Policy.Beta.mean": {
            "value": 0.004999999999999999,
            "min": 0.004999999999999999,
            "max": 0.004999999999999999,
            "count": 220
        },
        "FlappyBird.Policy.Beta.sum": {
            "value": 0.014999999999999998,
            "min": 0.009999999999999998,
            "max": 0.014999999999999998,
            "count": 220
        },
        "FlappyBird.Losses.CuriosityForwardLoss.mean": {
            "value": 0.001949062288278785,
            "min": 0.0007825166568788215,
            "max": 1054.8572954485815,
            "count": 220
        },
        "FlappyBird.Losses.CuriosityForwardLoss.sum": {
            "value": 0.005847186864836355,
            "min": 0.001565033313757643,
            "max": 2109.714590897163,
            "count": 220
        },
        "FlappyBird.Losses.CuriosityInverseLoss.mean": {
            "value": 6.776765728015259e-05,
            "min": 0.0,
            "max": 0.6262036700112124,
            "count": 220
        },
        "FlappyBird.Losses.CuriosityInverseLoss.sum": {
            "value": 0.00020330297184045779,
            "min": 0.0,
            "max": 1.2524073400224247,
            "count": 220
        },
        "FlappyBird.IsTraining.mean": {
            "value": 1.0,
            "min": 1.0,
            "max": 1.0,
            "count": 220
        },
        "FlappyBird.IsTraining.sum": {
            "value": 1.0,
            "min": 1.0,
            "max": 1.0,
            "count": 220
        }
    },
    "metadata": {
        "timer_format_version": "0.1.0",
        "start_time_seconds": "1749380221",
        "python_version": "3.8.16 (default, Mar  2 2023, 03:18:16) [MSC v.1916 64 bit (AMD64)]",
        "command_line_arguments": "C:\\Users\\hyeok\\anaconda3\\envs\\flappybird\\Scripts\\mlagents-learn config\\ppo\\flappy.yaml --run-id=v2.0.5 --time-scale=100",
        "mlagents_version": "0.30.0",
        "mlagents_envs_version": "0.30.0",
        "communication_protocol_version": "1.5.0",
        "pytorch_version": "2.0.1",
        "numpy_version": "1.21.2",
        "end_time_seconds": "1749383089"
    },
    "total": 2868.0914303,
    "count": 1,
    "self": 0.008910500000183674,
    "children": {
        "run_training.setup": {
            "total": 0.09695229999999988,
            "count": 1,
            "self": 0.09695229999999988
        },
        "TrainerController.start_learning": {
            "total": 2867.9855675,
            "count": 1,
            "self": 3.0371305999638025,
            "children": {
                "TrainerController._reset_env": {
                    "total": 10.519226,
                    "count": 1,
                    "self": 10.519226
                },
                "TrainerController.advance": {
                    "total": 2854.354154100036,
                    "count": 153806,
                    "self": 2.606506800099851,
                    "children": {
                        "env_step": {
                            "total": 1159.5270622999728,
                            "count": 153806,