{
    "name": "root",
    "gauges": {
        "FlappyBird.Policy.Entropy.mean": {
            "value": 0.008088511414825916,
            "min": 0.00036887431633658707,
            "max": 0.670819878578186,
            "count": 710
        },
        "FlappyBird.Policy.Entropy.sum": {
            "value": 42.22203063964844,
            "min": 1.8443715572357178,
            "max": 3502.3505859375,
            "count": 710
        },
        "FlappyBird.Environment.EpisodeLength.mean": {
            "value": 49.878787878787875,
            "min": 10.46788990825688,
            "max": 55.31460674157304,
            "count": 710
        },
        "FlappyBird.Environment.EpisodeLength.sum": {
            "value": 4938.0,
            "min": 4564.0,
            "max": 4961.0,
            "count": 710
        },
        "FlappyBird.Step.mean": {
            "value": 3549961.0,
            "min": 4980.0,
            "max": 3549961.0,
            "count": 710
        },
        "FlappyBird.Step.sum": {
            "value": 3549961.0,
            "min": 4980.0,
            "max": 3549961.0,
            "count": 710
        },
        "FlappyBird.Policy.ExtrinsicValueEstimate.mean": {
            "value": 1.7641866207122803,
            "min": -0.3173217475414276,
            "max": 2.251544237136841,
            "count": 710
        },
        "FlappyBird.Policy.ExtrinsicValueEstimate.sum": {
            "value": 174.65447998046875,
            "min": -138.0349578857422,
            "max": 248.3848876953125,
            "count": 710
        },
        "FlappyBird.Environment.CumulativeReward.mean": {
            "value": 3.8252519787562016,
            "min": 0.28514929077234763,
            "max": 4.457801660747974,
            "count": 710
        },
        "FlappyBird.Environment.CumulativeReward.sum": {
            "value": 378.69994589686394,
            "min": 124.03994148597121,
            "max": 415.47995218634605,
            "count": 710
        },
        "FlappyBird.Policy.ExtrinsicReward.mean": {
            "value": 3.8252519787562016,
            "min": 0.28514929077234763,
            "max": 4.457801660747974,
            "count": 710
        },
        "FlappyBird.Policy.ExtrinsicReward.sum": {
            "value": 378.69994589686394,
            "min": 124.03994148597121,
            "max": 415.47995218634605,
            "count": 710
        },
        "FlappyBird.Losses.PolicyLoss.mean": {
            "value": 0.09854054075225982,
            "min": 0.08333694311052872,
            "max": 0.115571315298439,
            "count": 710
        },
        "FlappyBird.Losses.PolicyLoss.sum": {
            "value": 0.29562162225677946,
            "min": 0.16667388622105744,
            "max": 0.3279057701019514,
            "count": 710
        },
        "FlappyBird.Losses.ValueLoss.mean": {
            "value": 0.9478387685699595,
            "min": 0.21938381801980236,
            "max": 1.131564986271163,
            "count": 710
        },
        "FlappyBird.Losses.ValueLoss.sum": {
            "value": 2.8435163057098785,
            "min": 0.4387676360396047,
            "max": 3.320838161433736,
            "count": 710
        },
        "FlappyBird.Policy.LearningRate.mean": {
            "value": 8.712569095812666e-05,
            "min": 8.712569095812666e-05,
            "max": 0.00029981493006169,
            "count": 710
        },
        "FlappyBird.Policy.LearningRate.sum": {
            "value": 0.00026137707287437995,
            "min": 0.00017487422170863997,
            "max": 0.0008977749607416798,
            "count": 710
        },
        "FlappyBird.Policy.Epsilon.mean": {
            "value": 0.12904187333333333,
            "min": 0.12904187333333333,
            "max": 0.19993831000000004,
            "count": 710
        },
        "FlappyBird.Policy.Epsilon.sum": {
            "value": 0.38712562,
            "min": 0.25829136,
            "max": 0.59925832,
            "count": 710
        },
        "FlappyBird.Policy.Beta.mean": {
            "value": 0.0014591894793333337,
            "min": 0.0014591894793333337,
            "max": 0.004996921668999999,
            "count": 710
        },
        "FlappyBird.Policy.Beta.sum": {
            "value": 0.004377568438000001,
            "min": 0.002928738864,
            "max": 0.014962990167999998,
            "count": 710
        },
        "FlappyBird.IsTraining.mean": {
            "value": 1.0,
            "min": 1.0,
            "max": 1.0,
            "count": 710
        },
        "FlappyBird.IsTraining.sum": {
            "value": 1.0,
            "min": 1.0,
            "max": 1.0,
            "count": 710
        }
    },
    "metadata": {
        "timer_format_version": "0.1.0",
        "start_time_seconds": "1747942198",
        "python_version": "3.8.16 (default, Mar  2 2023, 03:18:16) [MSC v.1916 64 bit (AMD64)]",
        "command_line_arguments": "C:\\Users\\hyeok\\anaconda3\\envs\\flappybird\\Scripts\\mlagents-learn config\\ppo\\flappy.yaml --run-id=v1.0.6 --force",
        "mlagents_version": "0.30.0",
        "mlagents_envs_version": "0.30.0",
        "communication_protocol_version": "1.5.0",
        "pytorch_version": "2.0.1",
        "numpy_version": "1.21.2",
        "end_time_seconds": "1747990621"
    },
    "total": 48423.909798199995,
    "count": 1,
    "self": 10.006027800001903,
    "children": {
        "run_training.setup": {
            "total": 0.09526410000000007,
            "count": 1,
            "self": 0.09526410000000007
        },
        "TrainerController.start_learning": {
            "total": 48413.808506299996,
            "count": 1,
            "self": 61.361254501382064,
            "children": {
                "TrainerController._reset_env": {
                    "total": 7.503739899999999,
                    "count": 1,
                    "self": 7.503739899999999
                },
                "TrainerController.advance": {
                    "total": 48344.891272398614,
                    "count": 3713284,
                    "self": 54.70985609799391,
                    "children": {
                        "env_step": {
                            "total": 45791.183268498964,
                            "count": 3713284,
                            "self": 34937.3070809043,
                            "children": {
                                "SubprocessEnvManager._take_step": {
                                    "total": 10812.270077298821,
                                    "count": 3713284,
                                    "self": 157.51965129643395,
                                    "children": {
                                        "TorchPolicy.evaluate": {
                                            "total": 10654.750426002387,
                                            "count": 3647554,
                                            "self": 10654.750426002387
                                        }
                                    }
                                },
                                "workers": {
                                    "total": 41.60611029584618,
                                    "count": 3713283,
                                    "self": 0.0,
                                    "children": {
                                        "worker_root": {
                                            "total": 48320.61248429535,
                                            "count": 3713283,
                                            "is_parallel": true,
                                            "self": 16040.85686299744,
                                            "children": {
                                                "steps_from_proto": {
                                                    "total": 0.0003807000000000116,
                                                    "count": 1,