{
    "name": "root",
    "gauges": {
        "FlappyBird.Policy.Entropy.mean": {
            "value": 0.014114179648458958,
            "min": 0.008848026394844055,
            "max": 0.6930755376815796,
            "count": 237
        },
        "FlappyBird.Policy.Entropy.sum": {
            "value": 72.6315689086914,
            "min": 45.39037322998047,
            "max": 3662.867431640625,
            "count": 237
        },
        "FlappyBird.Environment.EpisodeLength.mean": {
            "value": 24.166666666666668,
            "min": 6.598173515981735,
            "max": 30.639240506329113,
            "count": 237
        },
        "FlappyBird.Environment.EpisodeLength.sum": {
            "value": 4785.0,
            "min": 4335.0,
            "max": 4891.0,
            "count": 237
        },
        "FlappyBird.Step.mean": {
            "value": 1184977.0,
            "min": 4991.0,
            "max": 1184977.0,
            "count": 237
        },
        "FlappyBird.Step.sum": {
            "value": 1184977.0,
            "min": 4991.0,
            "max": 1184977.0,
            "count": 237
        },
        "FlappyBird.Policy.ExtrinsicValueEstimate.mean": {
            "value": 1.932995080947876,
            "min": -1.1243253946304321,
            "max": 2.0534181594848633,
            "count": 237
        },
        "FlappyBird.Policy.ExtrinsicValueEstimate.sum": {
            "value": 382.7330322265625,
            "min": -480.2183837890625,
            "max": 382.7330322265625,
            "count": 237
        },
        "FlappyBird.Policy.CuriosityValueEstimate.mean": {
            "value": 0.3379247188568115,
            "min": 0.1042964905500412,
            "max": 1.319963812828064,
            "count": 237
        },
        "FlappyBird.Policy.CuriosityValueEstimate.sum": {
            "value": 66.90909576416016,
            "min": 54.52627944946289,
            "max": 253.7410888671875,
            "count": 237
        },
        "FlappyBird.Environment.CumulativeReward.mean": {
            "value": 3.965959727688871,
            "min": -1.2214124918605886,
            "max": 5.448865139365562,
            "count": 237
        },
        "FlappyBird.Environment.CumulativeReward.sum": {
            "value": 785.2600260823965,
            "min": -775.8099799454212,
            "max": 904.5950117744505,
            "count": 237
        },
        "FlappyBird.Policy.ExtrinsicReward.mean": {
            "value": 3.965959727688871,
            "min": -1.2214124918605886,
            "max": 5.448865139365562,
            "count": 237
        },
        "FlappyBird.Policy.ExtrinsicReward.sum": {
            "value": 785.2600260823965,
            "min": -775.8099799454212,
            "max": 904.5950117744505,
            "count": 237
        },
        "FlappyBird.Policy.CuriosityReward.mean": {
            "value": 0.0002906646205860163,
            "min": 0.0,
            "max": 0.17352838221948144,
            "count": 237
        },
        "FlappyBird.Policy.CuriosityReward.sum": {
            "value": 0.05755159487603123,
            "min": 0.0,
            "max": 90.4323695069179,
            "count": 237
        },
        "FlappyBird.IsTraining.mean": {
            "value": 1.0,
            "min": 1.0,
            "max": 1.0,
            "count": 237
        },
        "FlappyBird.IsTraining.sum": {
            "value": 1.0,
            "min": 1.0,
            "max": 1.0,
            "count": 237
        },
        "FlappyBird.Losses.PolicyLoss.mean": {
            "value": 0.022746834442950784,
            "min": 0.01925427864305675,
            "max": 0.039848192022182045,
            "count": 57
        },
        "FlappyBird.Losses.PolicyLoss.sum": {
            "value": 0.022746834442950784,
            "min": 0.01925427864305675,
            "max": 0.039848192022182045,
            "count": 57
        },
        "FlappyBird.Losses.ValueLoss.mean": {
            "value": 2.0023371350765227,
            "min": 0.2087940864264965,
            "max": 2.111426205635071,
            "count": 57
        },
        "FlappyBird.Losses.ValueLoss.sum": {
            "value": 2.0023371350765227,
            "min": 0.2087940864264965,
            "max": 2.111426205635071,
            "count": 57
        },
        "FlappyBird.Policy.LearningRate.mean": {
            "value": 7.662454337548e-05,
            "min": 7.662454337548e-05,
            "max": 9.959016040984e-05,
            "count": 57
        },
        "FlappyBird.Policy.LearningRate.sum": {
            "value": 7.662454337548e-05,
            "min": 7.662454337548e-05,
            "max": 9.959016040984e-05,
            "count": 57
        },
        "FlappyBird.Policy.Epsilon.mean": {
            "value": 0.25324904,
            "min": 0.25324904,
            "max": 0.29918032000000006,
            "count": 57
        },
        "FlappyBird.Policy.Epsilon.sum": {
            "value": 0.25324904,
            "min": 0.25324904,
            "max": 0.29918032000000006,
            "count": 57
        },
        "FlappyBird.Policy.Beta.mean": {
            "value": 0.002301073148,
            "min": 0.002301073148,
            "max": 0.002987745784000001,
            "count": 57
        },
        "FlappyBird.Policy.Beta.sum": {
            "value": 0.002301073148,
            "min": 0.002301073148,
            "max": 0.002987745784000001,
            "count": 57
        },
        "FlappyBird.Losses.CuriosityForwardLoss.mean": {
            "value": 0.0006096484616864473,
            "min": 0.0006005664559779689,
            "max": 4.780392280817032,
            "count": 57
        },
        "FlappyBird.Losses.CuriosityForwardLoss.sum": {
            "value": 0.0006096484616864473,
            "min": 0.0006005664559779689,
            "max": 4.780392280817032,
            "count": 57
        },
        "FlappyBird.Losses.CuriosityInverseLoss.mean": {
            "value": 1.3274742184421485e-06,
            "min": 1.3274742184421485e-06,
            "max": 0.21260172538459302,
            "count": 57
        },
        "FlappyBird.Losses.CuriosityInverseLoss.sum": {
            "value": 1.3274742184421485e-06,
            "min": 1.3274742184421485e-06,
            "max": 0.21260172538459302,
            "count": 57
        }
    },
    "metadata": {
        "timer_format_version": "0.1.0",
        "start_time_seconds": "1749195210",
        "python_version": "3.8.16 (default, Mar  2 2023, 03:18:16) [MSC v.1916 64 bit (AMD64)]",
        "command_line_arguments": "C:\\Users\\hyeok\\anaconda3\\envs\\tq\\Scripts\\mlagents-learn .\\config\\ppo\\flappy.yaml --run-id=v1.0.20 --time-scale=40",
        "mlagents_version": "0.30.0",
        "mlagents_envs_version": "0.30.0",
        "communication_protocol_version": "1.5.0",
        "pytorch_version": "2.0.1",
        "numpy_version": "1.21.2",
        "end_time_seconds": "1749214889"
    },
    "total": 19678.5500638,
    "count": 1,
    "self": 10.005577300002187,
    "children": {
        "run_training.setup": {
            "total": 0.09862349999999998,
            "count": 1,
            "self": 0.09862349999999998
        },
        "TrainerController.start_learning": {
            "total": 19668.445863,
            "count": 1,
            "self": 22.2372656986081,
            "children": {
                "TrainerController._reset_env": {
                    "total": 22.7976626,
                    "count": 1,
                    "self": 22.7976626
                },
                "TrainerController.advance": {
                    "total": 19623.29067260139,
                    "count": 1268355,
                    "self": 20.537509100155148,
                    "children": {
                        "env_step": {
                            "total": 18722.023402001258,
                            "count": 1268355,
                            "self": 14751.581068198615,