{
    "name": "root",
    "metadata": {
        "timer_format_version": "0.1.0",
        "start_time_seconds": "1747755611",
        "python_version": "3.8.16 (default, Mar  2 2023, 03:18:16) [MSC v.1916 64 bit (AMD64)]",
        "command_line_arguments": "C:\\Users\\hyeok\\anaconda3\\envs\\flappy\\Scripts\\mlagents-learn config\\ppo\\flappy.yaml --run-id=t1",
        "mlagents_version": "0.30.0",
        "mlagents_envs_version": "0.30.0",
        "communication_protocol_version": "1.5.0",
        "pytorch_version": "2.0.1",
        "numpy_version": "1.21.2",
        "end_time_seconds": "1747755641"
    },
    "total": 29.385346000000002,
    "count": 1,
    "self": 0.006402300000001304,
    "children": {
        "run_training.setup": {
            "total": 0.0941654999999999,
            "count": 1,
            "self": 0.0941654999999999
        },
        "TrainerController.start_learning": {
            "total": 29.2847782,
            "count": 1,
            "self": 0.036089400000001604,
            "children": {
                "TrainerController._reset_env": {
                    "total": 8.981098999999999,
                    "count": 1,
                    "self": 8.981098999999999
                },
                "TrainerController.advance": {
                    "total": 20.1611544,
                    "count": 1953,
                    "self": 0.030688199999907795,
                    "children": {
                        "env_step": {
                            "total": 19.674293700000092,
                            "count": 1953,
                            "self": 15.330892400000083,
                            "children": {
                                "SubprocessEnvManager._take_step": {
                                    "total": 4.322409799999987,
                                    "count": 1953,
                                    "self": 0.08288729999998701,
                                    "children": {
                                        "TorchPolicy.evaluate": {
                                            "total": 4.2395225,
                                            "count": 1821,
                                            "self": 4.2395225
                                        }
                                    }
                                },
                                "workers": {
                                    "total": 0.020991500000022256,
                                    "count": 1952,
                                    "self": 0.0,
                                    "children": {
                                        "worker_root": {
                                            "total": 13.704540800000009,
                                            "count": 1952,
                                            "is_parallel": true,
                                            "self": 6.848874200000012,
                                            "children": {
                                                "steps_from_proto": {
                                                    "total": 0.00038750000000042917,
                                                    "count": 1,
                                                    "is_parallel": true,
                                                    "self": 0.00020240000000093517,
                                                    "children": {
                                                        "_process_rank_one_or_two_observation": {
                                                            "total": 0.000185099999999494,
                                                            "count": 2,
                                                            "is_parallel": true,
                                                            "self": 0.000185099999999494
                                                        }
                                                    }
                                                },
                                                "UnityEnvironment.step": {
                                                    "total": 6.855279099999997,
                                                    "count": 1952,
                                                    "is_parallel": true,
                                                    "self": 0.13150680000003057,
                                                    "children": {
                                                        "UnityEnvironment._generate_step_input": {
                                                            "total": 0.12005700000009867,
                                                            "count": 1952,
                                                            "is_parallel": true,
                                                            "self": 0.12005700000009867
                                                        },
                                                        "communicator.exchange": {
                                                            "total": 6.206081399999926,
                                                            "count": 1952,
                                                            "is_parallel": true,
                                                            "self": 6.206081399999926
                                                        },
                                                        "steps_from_proto": {
                                                            "total": 0.39763389999994203,
                                                            "count": 1952,
                                                            "is_parallel": true,
                                                            "self": 0.2496364999999301,
                                                            "children": {
                                                                "_process_rank_one_or_two_observation": {
                                                                    "total": 0.14799740000001194,
                                                                    "count": 3904,
                                                                    "is_parallel": true,
                                                                    "self": 0.14799740000001194
                                                                }
                                                            }
                                                        }
                                                    }
                                                }
                                            }
                                        }
                                    }
                                }
                            }
                        },
                        "trainer_advance": {
                            "total": 0.45617250000000276,
                            "count": 1952,
                            "self": 0.039761700000001454,
                            "children": {
                                "process_trajectory": {
                                    "total": 0.4164108000000013,
                                    "count": 1952,
                                    "self": 0.4164108000000013
                                }
                            }
                        }
                    }
                },
                "trainer_threads": {
                    "total": 1.0999999986438525e-06,
                    "count": 1,
                    "self": 1.0999999986438525e-06
                },
                "TrainerController._save_models": {
                    "total": 0.10643430000000009,
                    "count": 1,
                    "self": 0.011644800000002675,