{"count":1,"self":826.59870719999992,"total":894.2836169,"children":{"InitializeActuators":{"count":1,"self":0.0015057,"total":0.0015057,"children":null},"InitializeSensors":{"count":1,"self":0.0015049999999999998,"total":0.0015049999999999998,"children":null},"AgentSendState":{"count":44468,"self":1.8081218,"total":1.8426346,"children":{"CollectObservations":{"count":8894,"self":0.0025272999999999997,"total":0.0025272999999999997,"children":null},"WriteActionMask":{"count":8894,"self":0.0052448999999999994,"total":0.0052448999999999994,"children":null},"RequestDecision":{"count":8894,"self":0.0267406,"total":0.0267406,"children":null}}},"DecideAction":{"count":44468,"self":65.66422399999999,"total":65.7253195,"children":{"RayPerceptionSensor.Perceive":{"count":8894,"self":0.061097399999999996,"total":0.061097399999999996,"children":null}}},"AgentAct":{"count":44468,"self":0.11392849999999999,"total":0.11392849999999999,"children":null}},"gauges":{"FlappyBird.CumulativeReward":{"count":36,"max":14.48039,"min":-0.994,"runningAverage":5.554915,"value":1.04700613,"weightedAverage":3.1457417}},"metadata":{"timer_format_version":"0.1.0","start_time_seconds":"1749573950","unity_version":"2022.3.23f1","command_line_arguments":"C:\\Program Files\\Unity\\Hub\\Editor\\2022.3.23f1\\Editor\\Unity.exe -projectpath C:\\Users\\hyeok\\Desktop\\flappybird\\flappybird -useHub -hubIPC -cloudEnvironment production -licensingIpc LicenseClient-hyeok -hubSessionId a0b12d6a-4a9b-493f-bf1e-02aae0343edc -accessToken naSukE4K2pM9hdtQdXkgTKYjdCBuI3DbdGceT9ZwRxk00df","communication_protocol_version":"1.5.0","com.unity.ml-agents_version":"2.0.1","scene_name":"PlayScenes","end_time_seconds":"1749574845"}}