{"count":1,"self":24192.1753088,"total":45552.2653313,"children":{"InitializeActuators":{"count":62859,"self":0.5405044,"total":0.5405044,"children":null},"InitializeSensors":{"count":62859,"self":0.3680738,"total":0.3680738,"children":null},"AgentSendState":{"count":18035535,"self":15.1140896,"total":70.906171399999991,"children":{"CollectObservations":{"count":3607107,"self":11.4349192,"total":11.4349194,"children":null},"WriteActionMask":{"count":3607107,"self":1.4041481,"total":1.4041481,"children":null},"RequestDecision":{"count":3607107,"self":11.6678248,"total":42.953014499999995,"children":{"AgentInfo.ToProto":{"count":3607107,"self":11.7556432,"total":31.2851894,"children":{"GenerateSensorData":{"count":3607107,"self":19.5295456,"total":19.5295459,"children":null}}}}}}},"DecideAction":{"count":18035535,"self":20175.4624,"total":20175.4626463,"children":null},"AgentAct":{"count":18035535,"self":1112.0677888,"total":1112.0678155,"children":null},"AgentInfo.ToProto":{"count":71903,"self":0.28266179999999996,"total":0.74365989999999993,"children":{"GenerateSensorData":{"count":71903,"self":0.46099809999999997,"total":0.46099809999999997,"children":null}}}},"gauges":{"FlappyBird.CumulativeReward":{"count":60574,"max":6.0199976,"min":-2,"runningAverage":3.4050653,"value":0.679998755,"weightedAverage":2.13332844}},"metadata":{"timer_format_version":"0.1.0","start_time_seconds":"1748013177","unity_version":"2022.3.23f1","command_line_arguments":"C:\\Program Files\\Unity\\Hub\\Editor\\2022.3.23f1\\Editor\\Unity.exe -projectpath C:\\Users\\hyeok\\Desktop\\flappybird\\flappybird -useHub -hubIPC -cloudEnvironment production -licensingIpc LicenseClient-hyeok -hubSessionId 9c49ade1-d597-4b2d-9612-321b8eb7ccfc -accessToken lZ6lpxYPzSiwTklsajGGGfmG5xGcyDUQ_1N7mwxM7w800df","communication_protocol_version":"1.5.0","com.unity.ml-agents_version":"2.0.1","scene_name":"PlayScenes","end_time_seconds":"1748058729"}}