{"count":1,"self":118.7869824,"total":151.3008424,"children":{"InitializeActuators":{"count":319,"self":0.0030285999999999998,"total":0.0030285999999999998,"children":null},"InitializeSensors":{"count":319,"self":0.0064097999999999994,"total":0.0064097999999999994,"children":null},"AgentSendState":{"count":20334,"self":0.022227999999999998,"total":0.11298839999999999,"children":{"CollectObservations":{"count":4067,"self":0.0162032,"total":0.0162032,"children":null},"WriteActionMask":{"count":4067,"self":0.0045328999999999994,"total":0.0045328999999999994,"children":null},"RequestDecision":{"count":4067,"self":0.0191573,"total":0.0700243,"children":{"AgentInfo.ToProto":{"count":4067,"self":0.020215,"total":0.050866999999999996,"children":{"GenerateSensorData":{"count":4067,"self":0.030652,"total":0.030652,"children":null}}}}}}},"DecideAction":{"count":20334,"self":29.381446399999998,"total":29.381448,"children":null},"AgentAct":{"count":20334,"self":3.002418,"total":3.002418,"children":null},"AgentInfo.ToProto":{"count":427,"self":0.0040437,"total":0.0070627,"children":{"GenerateSensorData":{"count":427,"self":0.003019,"total":0.003019,"children":null}}}},"gauges":{"FlappyBird.CumulativeReward":{"count":318,"max":0.479998946,"min":-1,"runningAverage":-0.588930964,"value":-0.600000143,"weightedAverage":-0.554789066}},"metadata":{"timer_format_version":"0.1.0","start_time_seconds":"1748153168","unity_version":"2022.3.23f1","command_line_arguments":"C:\\Program Files\\Unity\\Hub\\Editor\\2022.3.23f1\\Editor\\Unity.exe -projectpath C:\\Users\\hyeok\\Desktop\\flappybird\\flappybird -useHub -hubIPC -cloudEnvironment production -licensingIpc LicenseClient-hyeok -hubSessionId fa7bce24-3168-4c5f-a38b-18c870915fdc -accessToken B8jfjhSb-61v_y6ywfy0ehKlOVZLZJcYK-IOxU5vkF800df","communication_protocol_version":"1.5.0","com.unity.ml-agents_version":"2.0.1","scene_name":"PlayScenes","end_time_seconds":"1748153319"}}