{"count":1,"self":16147.226623999999,"total":30312.2215903,"children":{"InitializeActuators":{"count":44809,"self":0.4072463,"total":0.4072463,"children":null},"InitializeSensors":{"count":44809,"self":0.3153492,"total":0.3153492,"children":null},"AgentSendState":{"count":10729334,"self":9.9919656,"total":41.5629357,"children":{"CollectObservations":{"count":2145867,"self":4.2658476,"total":4.2658477,"children":null},"WriteActionMask":{"count":2145867,"self":0.91727779999999992,"total":0.91727779999999992,"children":null},"RequestDecision":{"count":2145867,"self":7.3168704,"total":26.3878444,"children":{"AgentInfo.ToProto":{"count":2145867,"self":7.0738287999999994,"total":19.0709744,"children":{"GenerateSensorData":{"count":2145867,"self":11.9971456,"total":11.9971459,"children":null}}}}}}},"DecideAction":{"count":10729334,"self":12765.9106304,"total":12765.9107389,"children":null},"AgentAct":{"count":10729334,"self":1356.1104384,"total":1356.1103996,"children":null},"AgentInfo.ToProto":{"count":61761,"self":0.2538013,"total":0.6860046,"children":{"GenerateSensorData":{"count":61761,"self":0.43220329999999996,"total":0.43220329999999996,"children":null}}}},"gauges":{"FlappyBird.CumulativeReward":{"count":44155,"max":20.460247,"min":-2,"runningAverage":4.277435,"value":3.7800045,"weightedAverage":2.72725248}},"metadata":{"timer_format_version":"0.1.0","start_time_seconds":"1748181950","unity_version":"2022.3.23f1","command_line_arguments":"C:\\Program Files\\Unity\\Hub\\Editor\\2022.3.23f1\\Editor\\Unity.exe -projectpath C:\\Users\\hyeok\\Desktop\\flappybird\\flappybird -useHub -hubIPC -cloudEnvironment production -licensingIpc LicenseClient-hyeok -hubSessionId fa7bce24-3168-4c5f-a38b-18c870915fdc -accessToken 43GGOLMyWPCny6lHRJpCuA0LlireK1DuZHxQB_6kj3400df","communication_protocol_version":"1.5.0","com.unity.ml-agents_version":"2.0.1","scene_name":"PlayScenes","end_time_seconds":"1748212262"}}