{
    "name": "root",
    "gauges": {
        "FlappyBird.Policy.Entropy.mean": {
            "value": 0.003394045867025852,
            "min": 0.003394045867025852,
            "max": 0.003394045867025852,
            "count": 1
        },
        "FlappyBird.Policy.Entropy.sum": {
            "value": 4.2798919677734375,
            "min": 4.2798919677734375,
            "max": 4.2798919677734375,
            "count": 1
        },
        "FlappyBird.Environment.EpisodeLength.mean": {
            "value": 12.0,
            "min": 12.0,
            "max": 12.0,
            "count": 1
        },
        "FlappyBird.Environment.EpisodeLength.sum": {
            "value": 1164.0,
            "min": 1164.0,
            "max": 1164.0,
            "count": 1
        },
        "FlappyBird.Step.mean": {
            "value": 249994.0,
            "min": 249994.0,
            "max": 249994.0,
            "count": 1
        },
        "FlappyBird.Step.sum": {
            "value": 249994.0,
            "min": 249994.0,
            "max": 249994.0,
            "count": 1
        },
        "FlappyBird.Policy.ExtrinsicValueEstimate.mean": {
            "value": -2.5783331394195557,
            "min": -2.5783331394195557,
            "max": -2.5783331394195557,
            "count": 1
        },
        "FlappyBird.Policy.ExtrinsicValueEstimate.sum": {
            "value": -247.51998901367188,
            "min": -247.51998901367188,
            "max": -247.51998901367188,
            "count": 1
        },
        "FlappyBird.Policy.CuriosityValueEstimate.mean": {
            "value": -0.33812156319618225,
            "min": -0.33812156319618225,
            "max": -0.33812156319618225,
            "count": 1
        },
        "FlappyBird.Policy.CuriosityValueEstimate.sum": {
            "value": -32.45967102050781,
            "min": -32.45967102050781,
            "max": -32.45967102050781,
            "count": 1
        },
        "FlappyBird.Environment.CumulativeReward.mean": {
            "value": -4.3550004959106445,
            "min": -4.3550004959106445,
            "max": -4.3550004959106445,
            "count": 1
        },
        "FlappyBird.Environment.CumulativeReward.sum": {
            "value": -418.0800476074219,
            "min": -418.0800476074219,
            "max": -418.0800476074219,
            "count": 1
        },
        "FlappyBird.Policy.ExtrinsicReward.mean": {
            "value": -4.3550004959106445,
            "min": -4.3550004959106445,
            "max": -4.3550004959106445,
            "count": 1
        },
        "FlappyBird.Policy.ExtrinsicReward.sum": {
            "value": -418.0800476074219,
            "min": -418.0800476074219,
            "max": -418.0800476074219,
            "count": 1
        },
        "FlappyBird.Policy.CuriosityReward.mean": {
            "value": 0.0,
            "min": 0.0,
            "max": 0.0,
            "count": 1
        },
        "FlappyBird.Policy.CuriosityReward.sum": {
            "value": 0.0,
            "min": 0.0,
            "max": 0.0,
            "count": 1
        },
        "FlappyBird.IsTraining.mean": {
            "value": 1.0,
            "min": 1.0,
            "max": 1.0,
            "count": 1
        },
        "FlappyBird.IsTraining.sum": {
            "value": 1.0,
            "min": 1.0,
            "max": 1.0,
            "count": 1
        }
    },
    "metadata": {
        "timer_format_version": "0.1.0",
        "start_time_seconds": "1749389668",
        "python_version": "3.8.16 (default, Mar  2 2023, 03:18:16) [MSC v.1916 64 bit (AMD64)]",
        "command_line_arguments": "C:\\Users\\hyeok\\anaconda3\\envs\\flappybird\\Scripts\\mlagents-learn config\\ppo\\flappy.yaml --run-id=v2.0.6 --time-scale=1006 --resume",
        "mlagents_version": "0.30.0",
        "mlagents_envs_version": "0.30.0",
        "communication_protocol_version": "1.5.0",
        "pytorch_version": "2.0.1",
        "numpy_version": "1.21.2",
        "end_time_seconds": "1749389707"
    },
    "total": 39.0310559,
    "count": 1,
    "self": 10.0073355,
    "children": {
        "run_training.setup": {
            "total": 0.09577440000000026,
            "count": 1,
            "self": 0.09577440000000026
        },
        "TrainerController.start_learning": {
            "total": 28.927946,
            "count": 1,
            "self": 0.04500540000006481,
            "children": {
                "TrainerController._reset_env": {
                    "total": 6.8198951,
                    "count": 1,
                    "self": 6.8198951
                },
                "TrainerController.advance": {
                    "total": 21.937352199999935,
                    "count": 2585,
                    "self": 0.041436499999857546,
                    "children": {
                        "env_step": {
                            "total": 18.54211590000011,
                            "count": 2585,
                            "self": 11.591350700000113,
                            "children": {
                                "SubprocessEnvManager._take_step": {
                                    "total": 6.923256100000035,
                                    "count": 2585,
                                    "self": 0.11482239999996935,
                                    "children": {
                                        "TorchPolicy.evaluate": {
                                            "total": 6.808433700000066,
                                            "count": 2401,
                                            "self": 6.808433700000066
                                        }
                                    }
                                },
                                "workers": {
                                    "total": 0.02750909999996054,
                                    "count": 2584,
                                    "self": 0.0,
                                    "children": {
                                        "worker_root": {
                                            "total": 20.4845061,
                                            "count": 2584,
                                            "is_parallel": true,
                                            "self": 12.85280639999996,
                                            "children": {
                                                "steps_from_proto": {
                                                    "total": 0.0003925000000002399,
                                                    "count": 1,
                                                    "is_parallel": true,
                                                    "self": 0.0002124000000005566,
                                                    "children": {
                                                        "_process_rank_one_or_two_observation": {
                                                            "total": 0.0001800999999996833,
                                                            "count": 2,
                                                            "is_parallel": true,
                                                            "self": 0.0001800999999996833
                                                        }
                                                    }
                                                },
                                                "UnityEnvironment.step": {
                                                    "total": 7.631307200000042,
                                                    "count": 2584,
                                                    "is_parallel": true,
                                                    "self": 0.2057793000000414,