{
    "name": "root",
    "gauges": {
        "FlappyBird.Policy.Entropy.mean": {
            "value": 0.023271774873137474,
            "min": 0.012244448065757751,
            "max": 0.6823720335960388,
            "count": 129
        },
        "FlappyBird.Policy.Entropy.sum": {
            "value": 119.1514892578125,
            "min": 62.37321853637695,
            "max": 3543.557861328125,
            "count": 129
        },
        "FlappyBird.Environment.EpisodeLength.mean": {
            "value": 38.7007874015748,
            "min": 8.62763915547025,
            "max": 48.05882352941177,
            "count": 129
        },
        "FlappyBird.Environment.EpisodeLength.sum": {
            "value": 4915.0,
            "min": 4495.0,
            "max": 4938.0,
            "count": 129
        },
        "FlappyBird.Step.mean": {
            "value": 644945.0,
            "min": 4990.0,
            "max": 644945.0,
            "count": 129
        },
        "FlappyBird.Step.sum": {
            "value": 644945.0,
            "min": 4990.0,
            "max": 644945.0,
            "count": 129
        },
        "FlappyBird.Policy.ExtrinsicValueEstimate.mean": {
            "value": 1.93563973903656,
            "min": -0.5324140787124634,
            "max": 2.9780445098876953,
            "count": 129
        },
        "FlappyBird.Policy.ExtrinsicValueEstimate.sum": {
            "value": 245.8262481689453,
            "min": -182.61802673339844,
            "max": 375.2336120605469,
            "count": 129
        },
        "FlappyBird.Environment.CumulativeReward.mean": {
            "value": 3.759527139277674,
            "min": -0.48669234422536994,
            "max": 4.677058360557638,
            "count": 129
        },
        "FlappyBird.Environment.CumulativeReward.sum": {
            "value": 477.4599466882646,
            "min": -253.08001899719238,
            "max": 487.61994121968746,
            "count": 129
        },
        "FlappyBird.Policy.ExtrinsicReward.mean": {
            "value": 3.759527139277674,
            "min": -0.48669234422536994,
            "max": 4.677058360557638,
            "count": 129
        },
        "FlappyBird.Policy.ExtrinsicReward.sum": {
            "value": 477.4599466882646,
            "min": -253.08001899719238,
            "max": 487.61994121968746,
            "count": 129
        },
        "FlappyBird.Losses.PolicyLoss.mean": {
            "value": 0.0910915307901911,
            "min": 0.08087049137975555,
            "max": 0.11102648908854462,
            "count": 129
        },
        "FlappyBird.Losses.PolicyLoss.sum": {
            "value": 0.2732745923705733,
            "min": 0.1617409827595111,
            "max": 0.3249592872064871,
            "count": 129
        },
        "FlappyBird.Losses.ValueLoss.mean": {
            "value": 0.8873288621655618,
            "min": 0.11888859106693417,
            "max": 1.0535491950189075,
            "count": 129
        },
        "FlappyBird.Losses.ValueLoss.sum": {
            "value": 2.6619865864966856,
            "min": 0.23777718213386834,
            "max": 3.0843745420376463,
            "count": 129
        },
        "FlappyBird.Policy.LearningRate.mean": {
            "value": 0.00026143635285455323,
            "min": 0.00026143635285455323,
            "max": 0.00029981487006171,
            "count": 129
        },
        "FlappyBird.Policy.LearningRate.sum": {
            "value": 0.0007843090585636597,
            "min": 0.0005234981055006399,
            "max": 0.00089777274074242,
            "count": 129
        },
        "FlappyBird.Policy.Epsilon.mean": {
            "value": 0.18714544666666666,
            "min": 0.18714544666666666,
            "max": 0.19993829000000002,
            "count": 129
        },
        "FlappyBird.Policy.Epsilon.sum": {
            "value": 0.56143634,
            "min": 0.37449936000000006,
            "max": 0.59925758,
            "count": 129
        },
        "FlappyBird.Policy.Beta.mean": {
            "value": 0.0043585577886666674,
            "min": 0.0043585577886666674,
            "max": 0.004996920671,
            "count": 129
        },
        "FlappyBird.Policy.Beta.sum": {
            "value": 0.013075673366000002,
            "min": 0.008727518064,
            "max": 0.014962953242000001,
            "count": 129
        },
        "FlappyBird.IsTraining.mean": {
            "value": 1.0,
            "min": 1.0,
            "max": 1.0,
            "count": 129
        },
        "FlappyBird.IsTraining.sum": {
            "value": 1.0,
            "min": 1.0,
            "max": 1.0,
            "count": 129
        }
    },
    "metadata": {
        "timer_format_version": "0.1.0",
        "start_time_seconds": "1748153494",
        "python_version": "3.8.16 (default, Mar  2 2023, 03:18:16) [MSC v.1916 64 bit (AMD64)]",
        "command_line_arguments": "C:\\Users\\hyeok\\anaconda3\\envs\\flappybird\\Scripts\\mlagents-learn config\\ppo\\flappy.yaml --run-id=1.0.10",
        "mlagents_version": "0.30.0",
        "mlagents_envs_version": "0.30.0",
        "communication_protocol_version": "1.5.0",
        "pytorch_version": "2.0.1",
        "numpy_version": "1.21.2",
        "end_time_seconds": "1748162665"
    },
    "total": 9171.1809862,
    "count": 1,
    "self": 0.007659999997486011,
    "children": {
        "run_training.setup": {
            "total": 0.10594469999999978,
            "count": 1,
            "self": 0.10594469999999978
        },
        "TrainerController.start_learning": {
            "total": 9171.067381500001,
            "count": 1,
            "self": 12.701483900134917,
            "children": {
                "TrainerController._reset_env": {
                    "total": 6.8778881,
                    "count": 1,
                    "self": 6.8778881
                },
                "TrainerController.advance": {
                    "total": 9151.409323599866,
                    "count": 673558,
                    "self": 11.874755200018626,
                    "children": {
                        "env_step": {
                            "total": 8665.245826699813,
                            "count": 673558,
                            "self": 6512.708459499963,
                            "children": {
                                "SubprocessEnvManager._take_step": {
                                    "total": 2144.2936096999583,
                                    "count": 673558,
                                    "self": 32.20015720017,
                                    "children": {
                                        "TorchPolicy.evaluate": {
                                            "total": 2112.0934524997883,
                                            "count": 660701,
                                            "self": 2112.0934524997883
                                        }
                                    }
                                },
                                "workers": {
                                    "total": 8.24375749989133,
                                    "count": 673557,
                                    "self": 0.0,
                                    "children": {
                                        "worker_root": {
                                            "total": 9085.000015500058,
                                            "count": 673557,
                                            "is_parallel": true,
                                            "self": 3172.49343399991,
                                            "children": {
                                                "steps_from_proto": {
                                                    "total": 0.0003714999999999691,
                                                    "count": 1,
                                                    "is_parallel": true,