{
    "name": "root",
    "gauges": {
        "FlappyBird.Policy.Entropy.mean": {
            "value": 0.004804815631359816,
            "min": 0.00022609159350395203,
            "max": 0.6759405732154846,
            "count": 141
        },
        "FlappyBird.Policy.Entropy.sum": {
            "value": 24.816871643066406,
            "min": 1.1582672595977783,
            "max": 3506.103759765625,
            "count": 141
        },
        "FlappyBird.Environment.EpisodeLength.mean": {
            "value": 42.136752136752136,
            "min": 9.70663811563169,
            "max": 44.1,
            "count": 141
        },
        "FlappyBird.Environment.EpisodeLength.sum": {
            "value": 4930.0,
            "min": 4533.0,
            "max": 4969.0,
            "count": 141
        },
        "FlappyBird.Step.mean": {
            "value": 704995.0,
            "min": 4999.0,
            "max": 704995.0,
            "count": 141
        },
        "FlappyBird.Step.sum": {
            "value": 704995.0,
            "min": 4999.0,
            "max": 704995.0,
            "count": 141
        },
        "FlappyBird.Policy.ExtrinsicValueEstimate.mean": {
            "value": 1.4641982316970825,
            "min": -0.5842108130455017,
            "max": 1.8021825551986694,
            "count": 141
        },
        "FlappyBird.Policy.ExtrinsicValueEstimate.sum": {
            "value": 171.31118774414062,
            "min": -272.24224853515625,
            "max": 243.4464874267578,
            "count": 141
        },
        "FlappyBird.Environment.CumulativeReward.mean": {
            "value": 3.677264561669694,
            "min": -0.41012880084596476,
            "max": 4.195817702534524,
            "count": 141
        },
        "FlappyBird.Environment.CumulativeReward.sum": {
            "value": 430.2399537153542,
            "min": -191.1200211942196,
            "max": 462.63994793221354,
            "count": 141
        },
        "FlappyBird.Policy.ExtrinsicReward.mean": {
            "value": 3.677264561669694,
            "min": -0.41012880084596476,
            "max": 4.195817702534524,
            "count": 141
        },
        "FlappyBird.Policy.ExtrinsicReward.sum": {
            "value": 430.2399537153542,
            "min": -191.1200211942196,
            "max": 462.63994793221354,
            "count": 141
        },
        "FlappyBird.Losses.PolicyLoss.mean": {
            "value": 0.09103298450645525,
            "min": 0.0844100496712296,
            "max": 0.10944323388199942,
            "count": 141
        },
        "FlappyBird.Losses.PolicyLoss.sum": {
            "value": 0.1820659690129105,
            "min": 0.1688200993424592,
            "max": 0.3274139008617659,
            "count": 141
        },
        "FlappyBird.Losses.ValueLoss.mean": {
            "value": 0.5714751534784833,
            "min": 0.08029233141375396,
            "max": 0.7624680764662723,
            "count": 141
        },
        "FlappyBird.Losses.ValueLoss.sum": {
            "value": 1.1429503069569666,
            "min": 0.1605846628275079,
            "max": 2.0084201944991946,
            "count": 141
        },
        "FlappyBird.Policy.LearningRate.mean": {
            "value": 0.00025782025405992,
            "min": 0.00025782025405992,
            "max": 0.00029981472006176003,
            "count": 141
        },
        "FlappyBird.Policy.LearningRate.sum": {
            "value": 0.00051564050811984,
            "min": 0.00051564050811984,
            "max": 0.00089777538074154,
            "count": 141
        },
        "FlappyBird.Policy.Epsilon.mean": {
            "value": 0.18594008,
            "min": 0.18594008,
            "max": 0.19993824,
            "count": 141
        },
        "FlappyBird.Policy.Epsilon.sum": {
            "value": 0.37188016,
            "min": 0.37188016,
            "max": 0.5992584600000002,
            "count": 141
        },
        "FlappyBird.Policy.Beta.mean": {
            "value": 0.004298409992000001,
            "min": 0.004298409992000001,
            "max": 0.0049969181760000005,
            "count": 141
        },
        "FlappyBird.Policy.Beta.sum": {
            "value": 0.008596819984000002,
            "min": 0.008596819984000002,
            "max": 0.014962997154000002,
            "count": 141
        },
        "FlappyBird.IsTraining.mean": {
            "value": 1.0,
            "min": 1.0,
            "max": 1.0,
            "count": 141
        },
        "FlappyBird.IsTraining.sum": {
            "value": 1.0,
            "min": 1.0,
            "max": 1.0,
            "count": 141
        }
    },
    "metadata": {
        "timer_format_version": "0.1.0",
        "start_time_seconds": "1748166411",
        "python_version": "3.8.16 (default, Mar  2 2023, 03:18:16) [MSC v.1916 64 bit (AMD64)]",
        "command_line_arguments": "C:\\Users\\hyeok\\anaconda3\\envs\\flappybird\\Scripts\\mlagents-learn config\\ppo\\flappy.yaml --run-id=1.0.12",
        "mlagents_version": "0.30.0",
        "mlagents_envs_version": "0.30.0",
        "communication_protocol_version": "1.5.0",
        "pytorch_version": "2.0.1",
        "numpy_version": "1.21.2",
        "end_time_seconds": "1748176117"
    },
    "total": 9706.252309900001,
    "count": 1,
    "self": 0.007924400002593757,
    "children": {
        "run_training.setup": {
            "total": 0.09869150000000015,
            "count": 1,
            "self": 0.09869150000000015
        },
        "TrainerController.start_learning": {
            "total": 9706.145693999999,
            "count": 1,
            "self": 13.34144550005476,
            "children": {
                "TrainerController._reset_env": {
                    "total": 4.6861508,
                    "count": 1,
                    "self": 4.6861508
                },
                "TrainerController.advance": {
                    "total": 9688.053342499945,
                    "count": 739981,
                    "self": 11.888459199881254,
                    "children": {
                        "env_step": {
                            "total": 9191.831602900274,
                            "count": 739981,
                            "self": 6833.470429600507,
                            "children": {
                                "SubprocessEnvManager._take_step": {
                                    "total": 2349.507413899674,
                                    "count": 739981,
                                    "self": 33.10047149950378,
                                    "children": {
                                        "TorchPolicy.evaluate": {
                                            "total": 2316.40694240017,
                                            "count": 725824,
                                            "self": 2316.40694240017
                                        }
                                    }
                                },
                                "workers": {
                                    "total": 8.853759400094042,
                                    "count": 739980,
                                    "self": 0.0,
                                    "children": {
                                        "worker_root": {
                                            "total": 9681.901539300263,
                                            "count": 739980,
                                            "is_parallel": true,
                                            "self": 3438.177657900813,
                                            "children": {
                                                "steps_from_proto": {
                                                    "total": 0.00037980000000015224,
                                                    "count": 1,
                                                    "is_parallel": true,