{
    "name": "root",
    "gauges": {
        "FlappyBird.Policy.Entropy.mean": {
            "value": 0.06279782950878143,
            "min": 0.06005542352795601,
            "max": 0.6733362674713135,
            "count": 80
        },
        "FlappyBird.Policy.Entropy.sum": {
            "value": 328.2442626953125,
            "min": 308.2230529785156,
            "max": 3499.32861328125,
            "count": 80
        },
        "FlappyBird.Environment.EpisodeLength.mean": {
            "value": 42.55172413793103,
            "min": 10.008791208791209,
            "max": 49.94897959183673,
            "count": 80
        },
        "FlappyBird.Environment.EpisodeLength.sum": {
            "value": 4936.0,
            "min": 4554.0,
            "max": 4936.0,
            "count": 80
        },
        "FlappyBird.Step.mean": {
            "value": 399999.0,
            "min": 4986.0,
            "max": 399999.0,
            "count": 80
        },
        "FlappyBird.Step.sum": {
            "value": 399999.0,
            "min": 4986.0,
            "max": 399999.0,
            "count": 80
        },
        "FlappyBird.Policy.ExtrinsicValueEstimate.mean": {
            "value": 1.8724833726882935,
            "min": 0.03701014816761017,
            "max": 1.9350882768630981,
            "count": 80
        },
        "FlappyBird.Policy.ExtrinsicValueEstimate.sum": {
            "value": 217.20806884765625,
            "min": 11.473146438598633,
            "max": 250.11573791503906,
            "count": 80
        },
        "FlappyBird.Environment.CumulativeReward.mean": {
            "value": 3.4074133277453225,
            "min": 0.19546243406438354,
            "max": 3.8055096554893013,
            "count": 80
        },
        "FlappyBird.Environment.CumulativeReward.sum": {
            "value": 395.2599460184574,
            "min": 88.73994506523013,
            "max": 401.21993363648653,
            "count": 80
        },
        "FlappyBird.Policy.ExtrinsicReward.mean": {
            "value": 3.4074133277453225,
            "min": 0.19546243406438354,
            "max": 3.8055096554893013,
            "count": 80
        },
        "FlappyBird.Policy.ExtrinsicReward.sum": {
            "value": 395.2599460184574,
            "min": 88.73994506523013,
            "max": 401.21993363648653,
            "count": 80
        },
        "FlappyBird.Losses.PolicyLoss.mean": {
            "value": 0.1007729476146374,
            "min": 0.08245049003744498,
            "max": 0.10775084338577776,
            "count": 80
        },
        "FlappyBird.Losses.PolicyLoss.sum": {
            "value": 0.3023188428439122,
            "min": 0.16490098007488996,
            "max": 0.3208072020400626,
            "count": 80
        },
        "FlappyBird.Losses.ValueLoss.mean": {
            "value": 0.9939693769233094,
            "min": 0.31451686743336416,
            "max": 1.0698696163793404,
            "count": 80
        },
        "FlappyBird.Losses.ValueLoss.sum": {
            "value": 2.9819081307699284,
            "min": 0.6290337348667283,
            "max": 3.165420875574152,
            "count": 80
        },
        "FlappyBird.Policy.LearningRate.mean": {
            "value": 0.00027613598795467326,
            "min": 0.00027613598795467326,
            "max": 0.0002998154400615199,
            "count": 80
        },
        "FlappyBird.Policy.LearningRate.sum": {
            "value": 0.0008284079638640198,
            "min": 0.0005528955157015,
            "max": 0.0008977773007408998,
            "count": 80
        },
        "FlappyBird.Policy.Epsilon.mean": {
            "value": 0.1920453266666667,
            "min": 0.1920453266666667,
            "max": 0.19993848000000003,
            "count": 80
        },
        "FlappyBird.Policy.Epsilon.sum": {
            "value": 0.5761359800000001,
            "min": 0.3842985,
            "max": 0.5992591,
            "count": 80
        },
        "FlappyBird.Policy.Beta.mean": {
            "value": 0.004603061800666666,
            "min": 0.004603061800666666,
            "max": 0.004996930152000001,
            "count": 80
        },
        "FlappyBird.Policy.Beta.sum": {
            "value": 0.013809185401999999,
            "min": 0.00921649515,
            "max": 0.014963029090000003,
            "count": 80
        },
        "FlappyBird.IsTraining.mean": {
            "value": 1.0,
            "min": 1.0,
            "max": 1.0,
            "count": 80
        },
        "FlappyBird.IsTraining.sum": {
            "value": 1.0,
            "min": 1.0,
            "max": 1.0,
            "count": 80
        }
    },
    "metadata": {
        "timer_format_version": "0.1.0",
        "start_time_seconds": "1747935818",
        "python_version": "3.8.16 (default, Mar  2 2023, 03:18:16) [MSC v.1916 64 bit (AMD64)]",
        "command_line_arguments": "C:\\Users\\hyeok\\anaconda3\\envs\\flappybird\\Scripts\\mlagents-learn config\\ppo\\flappy.yaml --run-id=v1.0.6",
        "mlagents_version": "0.30.0",
        "mlagents_envs_version": "0.30.0",
        "communication_protocol_version": "1.5.0",
        "pytorch_version": "2.0.1",
        "numpy_version": "1.21.2",
        "end_time_seconds": "1747941868"
    },
    "total": 6049.732733899999,
    "count": 1,
    "self": 0.009066499999789812,
    "children": {
        "run_training.setup": {
            "total": 0.1282327000000003,
            "count": 1,
            "self": 0.1282327000000003
        },
        "TrainerController.start_learning": {
            "total": 6049.5954347,
            "count": 1,
            "self": 7.782499399905646,
            "children": {
                "TrainerController._reset_env": {
                    "total": 10.8035213,
                    "count": 1,
                    "self": 10.8035213
                },
                "TrainerController.advance": {
                    "total": 6030.739825000094,
                    "count": 425556,
                    "self": 6.404117699888047,
                    "children": {
                        "env_step": {
                            "total": 5746.851933600296,
                            "count": 425556,
                            "self": 4410.324701100285,
                            "children": {
                                "SubprocessEnvManager._take_step": {
                                    "total": 1331.52989360036,
                                    "count": 425556,
                                    "self": 19.4503447004206,
                                    "children": {
                                        "TorchPolicy.evaluate": {
                                            "total": 1312.0795488999395,
                                            "count": 418394,
                                            "self": 1312.0795488999395
                                        }
                                    }
                                },
                                "workers": {
                                    "total": 4.997338899651341,
                                    "count": 425555,
                                    "self": 0.0,
                                    "children": {
                                        "worker_root": {
                                            "total": 6025.265479700013,
                                            "count": 425555,
                                            "is_parallel": true,
                                            "self": 1955.9598255000042,
                                            "children": {
                                                "steps_from_proto": {
                                                    "total": 0.0026223999999999137,
                                                    "count": 1,
                                                    "is_parallel": true,