{
    "name": "root",
    "metadata": {
        "timer_format_version": "0.1.0",
        "start_time_seconds": "1748153162",
        "python_version": "3.8.16 (default, Mar  2 2023, 03:18:16) [MSC v.1916 64 bit (AMD64)]",
        "command_line_arguments": "C:\\Users\\hyeok\\anaconda3\\envs\\flappybird\\Scripts\\mlagents-learn config\\ppo\\flappy.yaml --run-id=1.0.9",
        "mlagents_version": "0.30.0",
        "mlagents_envs_version": "0.30.0",
        "communication_protocol_version": "1.5.0",
        "pytorch_version": "2.0.1",
        "numpy_version": "1.21.2",
        "end_time_seconds": "1748153331"
    },
    "total": 169.0019121,
    "count": 1,
    "self": 10.007103300000011,
    "children": {
        "run_training.setup": {
            "total": 0.11120099999999988,
            "count": 1,
            "self": 0.11120099999999988
        },
        "TrainerController.start_learning": {
            "total": 158.8836078,
            "count": 1,
            "self": 0.09369309999971165,
            "children": {
                "TrainerController._reset_env": {
                    "total": 6.7809794,
                    "count": 1,
                    "self": 6.7809794
                },
                "TrainerController.advance": {
                    "total": 151.89705820000026,
                    "count": 4426,
                    "self": 0.07813629999952809,
                    "children": {
                        "env_step": {
                            "total": 149.2012227999997,
                            "count": 4426,
                            "self": 133.5332702000005,
                            "children": {
                                "SubprocessEnvManager._take_step": {
                                    "total": 15.614169999999879,
                                    "count": 4426,
                                    "self": 0.22136999999935192,
                                    "children": {
                                        "TorchPolicy.evaluate": {
                                            "total": 15.392800000000527,
                                            "count": 4064,
                                            "self": 15.392800000000527
                                        }
                                    }
                                },
                                "workers": {
                                    "total": 0.05378259999933199,
                                    "count": 4425,
                                    "self": 0.0,
                                    "children": {
                                        "worker_root": {
                                            "total": 150.62315379999964,
                                            "count": 4425,
                                            "is_parallel": true,
                                            "self": 22.833558599999805,
                                            "children": {
                                                "steps_from_proto": {
                                                    "total": 0.0004397000000002649,
                                                    "count": 1,
                                                    "is_parallel": true,
                                                    "self": 0.00019600000000075113,
                                                    "children": {
                                                        "_process_rank_one_or_two_observation": {
                                                            "total": 0.00024369999999951375,
                                                            "count": 2,
                                                            "is_parallel": true,
                                                            "self": 0.00024369999999951375
                                                        }
                                                    }
                                                },
                                                "UnityEnvironment.step": {
                                                    "total": 127.78915549999984,
                                                    "count": 4425,
                                                    "is_parallel": true,
                                                    "self": 0.35650509999932467,
                                                    "children": {
                                                        "UnityEnvironment._generate_step_input": {
                                                            "total": 0.3182792000002328,
                                                            "count": 4425,
                                                            "is_parallel": true,
                                                            "self": 0.3182792000002328
                                                        },
                                                        "communicator.exchange": {
                                                            "total": 125.98467520000038,
                                                            "count": 4425,
                                                            "is_parallel": true,
                                                            "self": 125.98467520000038
                                                        },
                                                        "steps_from_proto": {
                                                            "total": 1.129695999999897,
                                                            "count": 4425,
                                                            "is_parallel": true,
                                                            "self": 0.691853800000656,
                                                            "children": {
                                                                "_process_rank_one_or_two_observation": {
                                                                    "total": 0.437842199999241,
                                                                    "count": 8850,
                                                                    "is_parallel": true,
                                                                    "self": 0.437842199999241
                                                                }
                                                            }
                                                        }
                                                    }
                                                }
                                            }
                                        }
                                    }
                                }
                            }
                        },
                        "trainer_advance": {
                            "total": 2.6176991000010403,
                            "count": 4425,
                            "self": 0.11415850000074457,
                            "children": {
                                "process_trajectory": {
                                    "total": 1.4873855000002898,
                                    "count": 4425,
                                    "self": 1.4873855000002898
                                },
                                "_update_policy": {
                                    "total": 1.016155100000006,
                                    "count": 1,
                                    "self": 0.2673815999999505,
                                    "children": {
                                        "TorchPPOOptimizer.update": {
                                            "total": 0.7487735000000555,
                                            "count": 96,