{
    "name": "root",
    "gauges": {
        "FlappyBird.Policy.Entropy.mean": {
            "value": 0.3153970241546631,
            "min": 0.3153970241546631,
            "max": 0.6788889169692993,
            "count": 4
        },
        "FlappyBird.Policy.Entropy.sum": {
            "value": 3158.0703125,
            "min": 3158.0703125,
            "max": 6788.88916015625,
            "count": 4
        },
        "FlappyBird.Environment.EpisodeLength.mean": {
            "value": 8.384254920337394,
            "min": 6.017543859649122,
            "max": 8.384254920337394,
            "count": 4
        },
        "FlappyBird.Environment.EpisodeLength.sum": {
            "value": 8946.0,
            "min": 8575.0,
            "max": 8946.0,
            "count": 4
        },
        "FlappyBird.Step.mean": {
            "value": 39985.0,
            "min": 9985.0,
            "max": 39985.0,
            "count": 4
        },
        "FlappyBird.Step.sum": {
            "value": 39985.0,
            "min": 9985.0,
            "max": 39985.0,
            "count": 4
        },
        "FlappyBird.Policy.ExtrinsicValueEstimate.mean": {
            "value": -0.5642657279968262,
            "min": -0.6283241510391235,
            "max": -0.5642657279968262,
            "count": 4
        },
        "FlappyBird.Policy.ExtrinsicValueEstimate.sum": {
            "value": -602.071533203125,
            "min": -849.7199096679688,
            "max": -602.071533203125,
            "count": 4
        },
        "FlappyBird.Environment.CumulativeReward.mean": {
            "value": -0.5507966516558657,
            "min": -0.6689045059421425,
            "max": -0.5507966516558657,
            "count": 4
        },
        "FlappyBird.Environment.CumulativeReward.sum": {
            "value": -587.7000273168087,
            "min": -952.5200164616108,
            "max": -587.7000273168087,
            "count": 4
        },
        "FlappyBird.Policy.ExtrinsicReward.mean": {
            "value": -0.5507966516558657,
            "min": -0.6689045059421425,
            "max": -0.5507966516558657,
            "count": 4
        },
        "FlappyBird.Policy.ExtrinsicReward.sum": {
            "value": -587.7000273168087,
            "min": -952.5200164616108,
            "max": -587.7000273168087,
            "count": 4
        },
        "FlappyBird.Losses.PolicyLoss.mean": {
            "value": 0.09195587710128166,
            "min": 0.09195587710128166,
            "max": 0.10169756890779051,
            "count": 4
        },
        "FlappyBird.Losses.PolicyLoss.sum": {
            "value": 0.4597793855064083,
            "min": 0.40679027563116205,
            "max": 0.4805147256556666,
            "count": 4
        },
        "FlappyBird.Losses.ValueLoss.mean": {
            "value": 0.09646631434249381,
            "min": 0.06084801661781967,
            "max": 0.09646631434249381,
            "count": 4
        },
        "FlappyBird.Losses.ValueLoss.sum": {
            "value": 0.48233157171246904,
            "min": 0.2838294898004582,
            "max": 0.48233157171246904,
            "count": 4
        },
        "FlappyBird.Policy.LearningRate.mean": {
            "value": 0.00027906012697995994,
            "min": 0.00027906012697995994,
            "max": 0.0002969226010257999,
            "count": 4
        },
        "FlappyBird.Policy.LearningRate.sum": {
            "value": 0.0013953006348997998,
            "min": 0.0011876904041031996,
            "max": 0.0014569062143645999,
            "count": 4
        },
        "FlappyBird.Policy.Epsilon.mean": {
            "value": 0.19302004000000003,
            "min": 0.19302004000000003,
            "max": 0.19897420000000002,
            "count": 4
        },
        "FlappyBird.Policy.Epsilon.sum": {
            "value": 0.9651002000000002,
            "min": 0.7958968000000001,
            "max": 0.9856354,
            "count": 4
        },
        "FlappyBird.Policy.Beta.mean": {
            "value": 0.004651699996000001,
            "min": 0.004651699996000001,
            "max": 0.00494881258,
            "count": 4
        },
        "FlappyBird.Policy.Beta.sum": {
            "value": 0.023258499980000003,
            "min": 0.01979525032,
            "max": 0.02428320646,
            "count": 4
        },
        "FlappyBird.IsTraining.mean": {
            "value": 1.0,
            "min": 1.0,
            "max": 1.0,
            "count": 4
        },
        "FlappyBird.IsTraining.sum": {
            "value": 1.0,
            "min": 1.0,
            "max": 1.0,
            "count": 4
        }
    },
    "metadata": {
        "timer_format_version": "0.1.0",
        "start_time_seconds": "1747755759",
        "python_version": "3.8.16 (default, Mar  2 2023, 03:18:16) [MSC v.1916 64 bit (AMD64)]",
        "command_line_arguments": "C:\\Users\\hyeok\\anaconda3\\envs\\flappy\\Scripts\\mlagents-learn config\\ppo\\flappy.yaml --run-id=t2",
        "mlagents_version": "0.30.0",
        "mlagents_envs_version": "0.30.0",
        "communication_protocol_version": "1.5.0",
        "pytorch_version": "2.0.1",
        "numpy_version": "1.21.2",
        "end_time_seconds": "1747756202"
    },
    "total": 442.9104706,
    "count": 1,
    "self": 0.008060499999999138,
    "children": {
        "run_training.setup": {
            "total": 0.09772090000000011,
            "count": 1,
            "self": 0.09772090000000011
        },
        "TrainerController.start_learning": {
            "total": 442.8046892,
            "count": 1,
            "self": 1.0190265999991084,
            "children": {
                "TrainerController._reset_env": {
                    "total": 8.830642399999999,
                    "count": 1,
                    "self": 8.830642399999999
                },
                "TrainerController.advance": {
                    "total": 432.84215480000097,
                    "count": 53453,
                    "self": 0.839358299997059,
                    "children": {
                        "env_step": {
                            "total": 385.3153593999966,
                            "count": 53453,
                            "self": 241.63402179999872,
                            "children": {
                                "SubprocessEnvManager._take_step": {
                                    "total": 143.07594850000092,
                                    "count": 53453,
                                    "self": 2.3010188000037033,
                                    "children": {
                                        "TorchPolicy.evaluate": {
                                            "total": 140.77492969999722,
                                            "count": 48961,
                                            "self": 140.77492969999722
                                        }
                                    }
                                },
                                "workers": {
                                    "total": 0.6053890999969767,
                                    "count": 53452,
                                    "self": 0.0,
                                    "children": {
                                        "worker_root": {
                                            "total": 430.13584489999863,
                                            "count": 53452,
                                            "is_parallel": true,
                                            "self": 232.69886169999893,
                                            "children": {
                                                "steps_from_proto": {
                                                    "total": 0.000361899999999693,
                                                    "count": 1,
                                                    "is_parallel": true,