{
    "name": "root",
    "metadata": {
        "timer_format_version": "0.1.0",
        "start_time_seconds": "1747668733",
        "python_version": "3.8.16 (default, Mar  2 2023, 03:18:16) [MSC v.1916 64 bit (AMD64)]",
        "command_line_arguments": "C:\\Users\\hyeok\\anaconda3\\envs\\flappy\\Scripts\\mlagents-learn Assets\\config\\ppo\\flappy.yaml --run-id=t2",
        "mlagents_version": "0.30.0",
        "mlagents_envs_version": "0.30.0",
        "communication_protocol_version": "1.5.0",
        "pytorch_version": "2.0.1",
        "numpy_version": "1.21.2",
        "end_time_seconds": "1747668760"
    },
    "total": 27.3311038,
    "count": 1,
    "self": 0.0057328000000005375,
    "children": {
        "run_training.setup": {
            "total": 0.09556560000000003,
            "count": 1,
            "self": 0.09556560000000003
        },
        "TrainerController.start_learning": {
            "total": 27.2298054,
            "count": 1,
            "self": 0.0012327999999968142,
            "children": {
                "TrainerController._reset_env": {
                    "total": 7.9915845,
                    "count": 1,
                    "self": 7.9915845
                },
                "TrainerController.advance": {
                    "total": 19.1441004,
                    "count": 42,
                    "self": 0.0007081999999982713,
                    "children": {
                        "env_step": {
                            "total": 19.139269000000006,
                            "count": 42,
                            "self": 18.518405600000005,
                            "children": {
                                "SubprocessEnvManager._take_step": {
                                    "total": 0.6204088000000052,
                                    "count": 42,
                                    "self": 0.0024821000000052607,
                                    "children": {
                                        "TorchPolicy.evaluate": {
                                            "total": 0.6179266999999999,
                                            "count": 41,
                                            "self": 0.6179266999999999
                                        }
                                    }
                                },
                                "workers": {
                                    "total": 0.00045459999999586387,
                                    "count": 41,
                                    "self": 0.0,
                                    "children": {
                                        "worker_root": {
                                            "total": 13.7568758,
                                            "count": 41,
                                            "is_parallel": true,
                                            "self": 1.2451995999999976,
                                            "children": {
                                                "steps_from_proto": {
                                                    "total": 0.0004781000000004809,
                                                    "count": 1,
                                                    "is_parallel": true,
                                                    "self": 0.00023690000000087252,
                                                    "children": {
                                                        "_process_rank_one_or_two_observation": {
                                                            "total": 0.0002411999999996084,
                                                            "count": 2,
                                                            "is_parallel": true,
                                                            "self": 0.0002411999999996084
                                                        }
                                                    }
                                                },
                                                "UnityEnvironment.step": {
                                                    "total": 12.511198100000001,
                                                    "count": 41,
                                                    "is_parallel": true,
                                                    "self": 0.0029226999999849568,
                                                    "children": {
                                                        "UnityEnvironment._generate_step_input": {
                                                            "total": 0.0024964000000053943,
                                                            "count": 41,
                                                            "is_parallel": true,
                                                            "self": 0.0024964000000053943
                                                        },
                                                        "communicator.exchange": {
                                                            "total": 12.498554000000002,
                                                            "count": 41,
                                                            "is_parallel": true,
                                                            "self": 12.498554000000002
                                                        },
                                                        "steps_from_proto": {
                                                            "total": 0.007225000000008919,
                                                            "count": 41,
                                                            "is_parallel": true,
                                                            "self": 0.003520599999999874,
                                                            "children": {
                                                                "_process_rank_one_or_two_observation": {
                                                                    "total": 0.003704400000009045,
                                                                    "count": 82,
                                                                    "is_parallel": true,
                                                                    "self": 0.003704400000009045
                                                                }
                                                            }
                                                        }
                                                    }
                                                }
                                            }
                                        }
                                    }
                                }
                            }
                        },
                        "trainer_advance": {
                            "total": 0.0041231999999951086,
                            "count": 41,
                            "self": 0.0007881999999987954,
                            "children": {
                                "process_trajectory": {
                                    "total": 0.003334999999996313,
                                    "count": 41,
                                    "self": 0.003334999999996313
                                }
                            }
                        }
                    }
                },
                "trainer_threads": {
                    "total": 1.0000000010279564e-06,
                    "count": 1,
                    "self": 1.0000000010279564e-06
                },
                "TrainerController._save_models": {
                    "total": 0.0928867000000011,
                    "count": 1,
                    "self": 0.010981099999998634,