{
    "name": "root",
    "gauges": {
        "FlappyBird.Policy.Entropy.mean": {
            "value": 0.08592982590198517,
            "min": 0.08592982590198517,
            "max": 0.6713783740997314,
            "count": 26
        },
        "FlappyBird.Policy.Entropy.sum": {
            "value": 439.44512939453125,
            "min": 439.44512939453125,
            "max": 3491.16748046875,
            "count": 26
        },
        "FlappyBird.Environment.EpisodeLength.mean": {
            "value": 56.08045977011494,
            "min": 10.088691796008868,
            "max": 56.08045977011494,
            "count": 26
        },
        "FlappyBird.Environment.EpisodeLength.sum": {
            "value": 4879.0,
            "min": 4550.0,
            "max": 4940.0,
            "count": 26
        },
        "FlappyBird.Step.mean": {
            "value": 129940.0,
            "min": 4982.0,
            "max": 129940.0,
            "count": 26
        },
        "FlappyBird.Step.sum": {
            "value": 129940.0,
            "min": 4982.0,
            "max": 129940.0,
            "count": 26
        },
        "FlappyBird.Policy.ExtrinsicValueEstimate.mean": {
            "value": 0.9823089838027954,
            "min": -0.32610148191452026,
            "max": 0.9823089838027954,
            "count": 26
        },
        "FlappyBird.Policy.ExtrinsicValueEstimate.sum": {
            "value": 85.46088409423828,
            "min": -90.65621185302734,
            "max": 90.76091766357422,
            "count": 26
        },
        "FlappyBird.Environment.CumulativeReward.mean": {
            "value": 2.0920689916559336,
            "min": -0.28082224178231424,
            "max": 2.0920689916559336,
            "count": 26
        },
        "FlappyBird.Environment.CumulativeReward.sum": {
            "value": 182.0100022740662,
            "min": -126.37000880204141,
            "max": 185.39000583067536,
            "count": 26
        },
        "FlappyBird.Policy.ExtrinsicReward.mean": {
            "value": 2.0920689916559336,
            "min": -0.28082224178231424,
            "max": 2.0920689916559336,
            "count": 26
        },
        "FlappyBird.Policy.ExtrinsicReward.sum": {
            "value": 182.0100022740662,
            "min": -126.37000880204141,
            "max": 185.39000583067536,
            "count": 26
        },
        "FlappyBird.Losses.PolicyLoss.mean": {
            "value": 0.10298089093159452,
            "min": 0.09494923882132321,
            "max": 0.11353583519424623,
            "count": 26
        },
        "FlappyBird.Losses.PolicyLoss.sum": {
            "value": 0.20596178186318903,
            "min": 0.18989847764264642,
            "max": 0.3129458330046019,
            "count": 26
        },
        "FlappyBird.Losses.ValueLoss.mean": {
            "value": 0.35484815459002295,
            "min": 0.10207180038560182,
            "max": 0.35484815459002295,
            "count": 26
        },
        "FlappyBird.Losses.ValueLoss.sum": {
            "value": 0.7096963091800459,
            "min": 0.20414360077120364,
            "max": 0.9320106432735544,
            "count": 26
        },
        "FlappyBird.Policy.LearningRate.mean": {
            "value": 0.00029234280255240004,
            "min": 0.00029234280255240004,
            "max": 0.0002998149600616799,
            "count": 26
        },
        "FlappyBird.Policy.LearningRate.sum": {
            "value": 0.0005846856051048001,
            "min": 0.0005846856051048001,
            "max": 0.00089777718074094,
            "count": 26
        },
        "FlappyBird.Policy.Epsilon.mean": {
            "value": 0.1974476,
            "min": 0.1974476,
            "max": 0.19993832,
            "count": 26
        },
        "FlappyBird.Policy.Epsilon.sum": {
            "value": 0.3948952,
            "min": 0.3948952,
            "max": 0.5992590600000001,
            "count": 26
        },
        "FlappyBird.Policy.Beta.mean": {
            "value": 0.00487263524,
            "min": 0.00487263524,
            "max": 0.004996922168,
            "count": 26
        },
        "FlappyBird.Policy.Beta.sum": {
            "value": 0.00974527048,
            "min": 0.00974527048,
            "max": 0.014963027093999999,
            "count": 26
        },
        "FlappyBird.IsTraining.mean": {
            "value": 1.0,
            "min": 1.0,
            "max": 1.0,
            "count": 26
        },
        "FlappyBird.IsTraining.sum": {
            "value": 1.0,
            "min": 1.0,
            "max": 1.0,
            "count": 26
        }
    },
    "metadata": {
        "timer_format_version": "0.1.0",
        "start_time_seconds": "1747817399",
        "python_version": "3.8.16 (default, Mar  2 2023, 03:18:16) [MSC v.1916 64 bit (AMD64)]",
        "command_line_arguments": "C:\\Users\\hyeok\\anaconda3\\envs\\flappy\\Scripts\\mlagents-learn config\\ppo\\flappy.yaml --run-id=v1.0.2",
        "mlagents_version": "0.30.0",
        "mlagents_envs_version": "0.30.0",
        "communication_protocol_version": "1.5.0",
        "pytorch_version": "2.0.1",
        "numpy_version": "1.21.2",
        "end_time_seconds": "1747819545"
    },
    "total": 2146.0820098,
    "count": 1,
    "self": 0.007947499999772845,
    "children": {
        "run_training.setup": {
            "total": 0.09346529999999964,
            "count": 1,
            "self": 0.09346529999999964
        },
        "TrainerController.start_learning": {
            "total": 2145.980597,
            "count": 1,
            "self": 2.5751066999841896,
            "children": {
                "TrainerController._reset_env": {
                    "total": 15.057315800000001,
                    "count": 1,
                    "self": 15.057315800000001
                },
                "TrainerController.advance": {
                    "total": 2128.2291293000158,
                    "count": 141782,
                    "self": 2.311562400006096,
                    "children": {
                        "env_step": {
                            "total": 2036.2956654999916,
                            "count": 141782,
                            "self": 1586.476412800035,
                            "children": {
                                "SubprocessEnvManager._take_step": {
                                    "total": 448.103721699993,
                                    "count": 141782,
                                    "self": 6.494351999963897,
                                    "children": {
                                        "TorchPolicy.evaluate": {
                                            "total": 441.6093697000291,
                                            "count": 138767,
                                            "self": 441.6093697000291
                                        }
                                    }
                                },
                                "workers": {
                                    "total": 1.715530999963704,
                                    "count": 141781,
                                    "self": 0.0,
                                    "children": {
                                        "worker_root": {
                                            "total": 2005.31735110006,
                                            "count": 141781,
                                            "is_parallel": true,
                                            "self": 654.0002340000719,
                                            "children": {
                                                "steps_from_proto": {
                                                    "total": 0.0004991999999983676,
                                                    "count": 1,
                                                    "is_parallel": true,
                                                    "self": 0.00020089999999939323,